{"no_product_features": 1000, "dropout_pct": 0.05, "num_iterations": 600, "learning_rate": 0.08389234953628168, "min_data_in_leaf": 35000, "feature_fraction": 0.4, "lambda_l1": 0.038189216296614696, "lambda_l2": 0.029114442014563147, "bagging_fraction": 0.8500000000000001, "bagging_freq": 30, "early_stopping_round": 5000, "boosting": "gbdt", "Optuna_Best_Value": 2.4136}