{"num_iterations": 600, "learning_rate": 0.05153727469537195, "min_data_in_leaf": 32500, "feature_fraction": 0.25, "lambda_l1": 0.8251913155160668, "lambda_l2": 0.01208657971818959, "bagging_fraction": 0.5, "bagging_freq": 10, "drop_rate": 0.15000000000000002, "skip_drop": 0.25, "top_rate": 0.15000000000000002, "other_rate": 0.05, "boosting": "gbdt", "early_stopping_round": 6000, "Optuna_Best_Value": 0.4929}