{"num_iterations": 550, "learning_rate": 0.08019275325486762, "min_data_in_leaf": 15000, "feature_fraction": 0.55, "lambda_l1": 0.010010270935575683, "lambda_l2": 0.21986646730400772, "bagging_fraction": 0.9, "bagging_freq": 45, "drop_rate": 0.2, "skip_drop": 0.2, "top_rate": 0.2, "other_rate": 0.15000000000000002, "boosting": "gbdt", "early_stopping_round": 5500, "Optuna_Best_Value": 0.7215}