{"num_iterations": 400, "learning_rate": 0.023300003751061706, "min_data_in_leaf": 2500, "feature_fraction": 0.1, "lambda_l1": 0.03387122645321305, "lambda_l2": 0.2206874510991915, "bagging_fraction": 0.8, "bagging_freq": 10, "drop_rate": 0.3, "skip_drop": 0.05, "top_rate": 0.15000000000000002, "other_rate": 0.15000000000000002, "boosting": "gbdt", "early_stopping_round": 6000, "Optuna_Best_Value": 0.684}