{"num_iterations": 950, "learning_rate": 0.023533845080874905, "min_data_in_leaf": 2500, "feature_fraction": 0.1, "lambda_l1": 0.0175796840948161, "lambda_l2": 0.07758250297173153, "bagging_fraction": 0.55, "bagging_freq": 30, "drop_rate": 0.15000000000000002, "skip_drop": 0.2, "top_rate": 0.15000000000000002, "other_rate": 0.05, "boosting": "gbdt", "early_stopping_round": 5000, "Optuna_Best_Value": 0.8708}