{"num_iterations": 1000, "learning_rate": 0.012358526245622638, "min_data_in_leaf": 2500, "feature_fraction": 0.5, "lambda_l1": 0.01596837736625745, "lambda_l2": 0.01891318561403822, "bagging_fraction": 0.8500000000000001, "bagging_freq": 50, "drop_rate": 0.3, "skip_drop": 0.15000000000000002, "top_rate": 0.4, "other_rate": 0.2, "boosting": "gbdt", "early_stopping_round": 5500, "Optuna_Best_Value": 0.8026}