{"num_iterations": 650, "learning_rate": 0.022879140369622217, "min_data_in_leaf": 20000, "feature_fraction": 0.15000000000000002, "lambda_l1": 0.022473225643623963, "lambda_l2": 0.889770191803162, "bagging_fraction": 1.0, "bagging_freq": 45, "drop_rate": 0.3, "skip_drop": 0.2, "top_rate": 0.25, "other_rate": 0.15000000000000002, "boosting": "gbdt", "early_stopping_round": 6000, "Optuna_Best_Value": 1.0807}