{"num_iterations": 950, "learning_rate": 0.019012110229370303, "min_data_in_leaf": 2500, "feature_fraction": 0.6, "lambda_l1": 0.017304725302761663, "lambda_l2": 0.015342588891718524, "bagging_fraction": 0.6, "bagging_freq": 35, "drop_rate": 0.1, "skip_drop": 0.25, "top_rate": 0.4, "other_rate": 0.15000000000000002, "boosting": "gbdt", "early_stopping_round": 5500, "Optuna_Best_Value": 0.7568}